,count,mean,std,min,25%,50%,75%,max,median
sepal length (cm),150.0,5.843333333333334,0.828066127977863,4.3,5.1,5.8,6.4,7.9,5.8
sepal width (cm),150.0,3.0573333333333337,0.4358662849366982,2.0,2.8,3.0,3.3,4.4,3.0
petal length (cm),150.0,3.7580000000000005,1.7652982332594662,1.0,1.6,4.35,5.1,6.9,4.35
petal width (cm),150.0,1.1993333333333336,0.7622376689603465,0.1,0.3,1.3,1.8,2.5,1.3
species,150.0,1.0,0.8192319205190405,0.0,0.0,1.0,2.0,2.0,1.0
sepal_area,150.0,17.822866666666663,3.361853582817707,10.0,15.66,17.66,20.325,30.02,17.66
petal_area,150.0,5.794066666666667,4.712389937356652,0.11000000000000001,0.42,5.615,9.69,15.87,5.615
